Workbook

Sheet Instagram Ads Raw Data
A1: Date | B1: Impressions | C1: Clicks | D1: Spending ($) | E1: Conversions | F1: Revenue ($) | G1: Month
A2: 45658 | B2: 27382 | C2: 483 | D2: 646 | E2: 8 | F2: 1375 | G2: =month(A2) -> 1
A3: 45659 | B3: 99168 | C3: 1561 | D3: 2255 | E3: 35 | F3: 5159 | G3: =MONTH(A3) -> 1
A4: 45660 | B4: 14891 | C4: 273 | D4: 311 | E4: 6 | F4: 717 | G4: =month(A4) -> 1
A5: 45661 | B5: 42989 | C5: 682 | D5: 1192 | E5: 13 | F5: 2969 | G5: =month(A5) -> 1
A6: 45662 | B6: 36381 | C6: 559 | D6: 784 | E6: 13 | F6: 2556 | G6: =month(A6) -> 1
A7: 45663 | B7: 56836 | C7: 1129 | D7: 2015 | E7: 16 | F7: 2697 | G7: =month(A7) -> 1
A8: 45664 | B8: 45926 | C8: 1145 | D8: 1218 | E8: 28 | F8: 5549 | G8: =month(A8) -> 1
A9: 45665 | B9: 43071 | C9: 356 | D9: 602 | E9: 9 | F9: 1395 | G9: =month(A9) -> 1
A10: 45666 | B10: 82343 | C10: 1867 | D10: 2349 | E10: 30 | F10: 5835 | G10: =month(A10) -> 1
A11: 45667 | B11: 76027 | C11: 1249 | D11: 2416 | E11: 16 | F11: 3085 | G11: =month(A11) -> 1
A12: 45668 | B12: 80956 | C12: 733 | D12: 1279 | E12: 18 | F12: 2912 | G12: =month(A12) -> 1
A13: 45669 | B13: 68072 | C13: 1332 | D13: 2367 | E13: 15 | F13: 3234 | G13: =month(A13) -> 1
A14: 45670 | B14: 97608 | C14: 1947 | D14: 2122 | E14: 29 | F14: 3395 | G14: =month(A14) -> 1
A15: 45671 | B15: 68669 | C15: 1236 | D15: 2483 | E15: 24 | F15: 3585 | G15: =month(A15) -> 1
... A366: 46022 | B366: 83988 | C366: 2183 | D366: 2219 | E366: 41 | F366: 5949 | G366: =month(A366) -> 12

Sheet IG Ads Performance Metrics
G1: CTR | H1: Conversion Rate | I1: Cpm | J1: Cpc | K1: Avg Conversion value | L1: roas
G2: =IFERROR(C2/B2,0) -> 0.017639325 | H2: =IFERROR(E2/C2,0) -> 0.016563147 | I2: =IFERROR(D2/B2*1000,0) -> 23.592141 | J2: =IFERROR(E2/C2*1000,0) -> 16.563147 | K2: =IFERROR(F2/E2,0) -> 171.875 | L2: =IFERROR(F2/D2,0) -> 2.128483
G3: =IFERROR(C3/B3,0) -> 0.015740965 | H3: =IFERROR(E3/C3,0) -> 0.022421525 | I3: =IFERROR(D3/B3*1000,0) -> 22.73919 | J3: =IFERROR(E3/C3*1000,0) -> 22.421525 | K3: =IFERROR(F3/E3,0) -> 147.4 | L3: =IFERROR(F3/D3,0) -> 2.2878049
G4: =IFERROR(C4/B4,0) -> 0.018333221 | H4: =IFERROR(E4/C4,0) -> 0.021978022 | I4: =IFERROR(D4/B4*1000,0) -> 20.885098 | J4: =IFERROR(E4/C4*1000,0) -> 21.978022 | K4: =IFERROR(F4/E4,0) -> 119.5 | L4: =IFERROR(F4/D4,0) -> 2.3054662
G5: =IFERROR(C5/B5,0) -> 0.015864523 | H5: =IFERROR(E5/C5,0) -> 0.019061584 | I5: =IFERROR(D5/B5*1000,0) -> 27.728023 | J5: =IFERROR(E5/C5*1000,0) -> 19.061584 | K5: =IFERROR(F5/E5,0) -> 228.38462 | L5: =IFERROR(F5/D5,0) -> 2.4907718
G6: =IFERROR(C6/B6,0) -> 0.015365163 | H6: =IFERROR(E6/C6,0) -> 0.023255814 | I6: =IFERROR(D6/B6*1000,0) -> 21.54971 | J6: =IFERROR(E6/C6*1000,0) -> 23.255814 | K6: =IFERROR(F6/E6,0) -> 196.61538 | L6: =IFERROR(F6/D6,0) -> 3.2602041
G7: =IFERROR(C7/B7,0) -> 0.019864171 | H7: =IFERROR(E7/C7,0) -> 0.014171833 | I7: =IFERROR(D7/B7*1000,0) -> 35.452882 | J7: =IFERROR(E7/C7*1000,0) -> 14.171833 | K7: =IFERROR(F7/E7,0) -> 168.5625 | L7: =IFERROR(F7/D7,0) -> 1.3384615
G8: =IFERROR(C8/B8,0) -> 0.024931411 | H8: =IFERROR(E8/C8,0) -> 0.024454148 | I8: =IFERROR(D8/B8*1000,0) -> 26.520925 | J8: =IFERROR(E8/C8*1000,0) -> 24.454148 | K8: =IFERROR(F8/E8,0) -> 198.17857 | L8: =IFERROR(F8/D8,0) -> 4.5558292
G9: =IFERROR(C9/B9,0) -> 0.0082654222 | H9: =IFERROR(E9/C9,0) -> 0.025280899 | I9: =IFERROR(D9/B9*1000,0) -> 13.976922 | J9: =IFERROR(E9/C9*1000,0) -> 25.280899 | K9: =IFERROR(F9/E9,0) -> 155 | L9: =IFERROR(F9/D9,0) -> 2.3172757
G10: =IFERROR(C10/B10,0) -> 0.022673451 | H10: =IFERROR(E10/C10,0) -> 0.016068559 | I10: =IFERROR(D10/B10*1000,0) -> 28.527015 | J10: =IFERROR(E10/C10*1000,0) -> 16.068559 | K10: =IFERROR(F10/E10,0) -> 194.5 | L10: =IFERROR(F10/D10,0) -> 2.4840358
G11: =IFERROR(C11/B11,0) -> 0.016428374 | H11: =IFERROR(E11/C11,0) -> 0.012810248 | I11: =IFERROR(D11/B11*1000,0) -> 31.778184 | J11: =IFERROR(E11/C11*1000,0) -> 12.810248 | K11: =IFERROR(F11/E11,0) -> 192.8125 | L11: =IFERROR(F11/D11,0) -> 1.276904
G12: =IFERROR(C12/B12,0) -> 0.0090543011 | H12: =IFERROR(E12/C12,0) -> 0.024556617 | I12: =IFERROR(D12/B12*1000,0) -> 15.798705 | J12: =IFERROR(E12/C12*1000,0) -> 24.556617 | K12: =IFERROR(F12/E12,0) -> 161.77778 | L12: =IFERROR(F12/D12,0) -> 2.2767787
G13: =IFERROR(C13/B13,0) -> 0.019567517 | H13: =IFERROR(E13/C13,0) -> 0.011261261 | I13: =IFERROR(D13/B13*1000,0) -> 34.772006 | J13: =IFERROR(E13/C13*1000,0) -> 11.261261 | K13: =IFERROR(F13/E13,0) -> 215.6 | L13: =IFERROR(F13/D13,0) -> 1.3662864
... G367: =IFERROR(C367/B367,0) -> 0.020174076 | H367: =IFERROR(E367/C367,0) -> 0.018590142 | I367: =IFERROR(D367/B367*1000,0) -> 30.135489 | J367: =IFERROR(E367/C367*1000,0) -> 18.590142 | K367: =IFERROR(F367/E367,0) -> 156.00553 | L367: =IFERROR(F367/D367,0) -> 1.9415031

Sheet Pivot Table 3

Sheet Summary
A1: A | B1: instagram | C1: tiktok
A2: Bu yıl bu reklam kanalına toplam ne kadar harcadık | B2: =GETPIVOTDATA("Spending ($)",'Pivot Table 3'!$A$1) -> 624905 | C2: =SUM('TikTok Ads Raw Data'!D2:D366) -> 510905
A3: Toplam kaç tıklama elde ettik? | B3: =GETPIVOTDATA("Clicks", 'IG Ads Performance Metrics'!$A$1) -> 418340 | C3: =SUM('TikTok Ads Raw Data'!C2:C366) -> 527974
A4: Toplam kaç gösterim elde ettik? | B4: =GETPIVOTDATA("Impressions",'IG Ads Performance Metrics'!$A$1) -> 20736514 | C4: =SUM('TikTok Ads Raw Data'!B2:B366) -> 25126402
A5: Ortalama Tıklama Başına Maliyet (CPC) nedir? | B5: =IFERROR(GETPIVOTDATA("Spending ($)",'Pivot Table 3'!$A$1)/GETPIVOTDATA("Clicks",'Pivot Table 3'!$A$1),0) -> 1.493773 | C5: =SUM('TikTok Ads Raw Data'!D2:D366)/SUM('TikTok Ads Raw Data'!C2:C366) -> 0.96767076
A6: Ortalama CPM nedir? | B6: =IFERROR(GETPIVOTDATA("Spending ($)",'Pivot Table 3'!$A$1)/GETPIVOTDATA("Impressions",'Pivot Table 3'!$A$1)*1000,0) -> 30.135489 | C6: =SUM('TikTok Ads Raw Data'!D2:D366)/SUM('TikTok Ads Raw Data'!B2:B366)*1000 -> 20.333393
A7: Bu yıl kaç conversion (dönüşüm) elde ettik? | B7: =GETPIVOTDATA("Conversions",'Pivot Table 3'!$A$1) -> 7777 | C7: =SUM('TikTok Ads Raw Data'!E2:E366) -> 9870
A8: Ortalama conversion başına maliyet nedir? | B8: =IFERROR(GETPIVOTDATA("Spending ($)",'Pivot Table 3'!$A$1)/GETPIVOTDATA("Conversions",'Pivot Table 3'!$A$1),0) -> 80.352964 | C8: =SUM('TikTok Ads Raw Data'!D2:D366)/SUM('TikTok Ads Raw Data'!E2:E366) -> 51.763425
A9: Bu yıl bu reklam kanalından elde edilen gelir ne kadar? | B9: =GETPIVOTDATA("Revenue ($)",'Pivot Table 3'!$A$1) -> 1213255 | C9: =SUM('TikTok Ads Raw Data'!F2:F366) -> 1522890
A10: Bu yılki ROAS nedir? | B10: =IFERROR(GETPIVOTDATA("Revenue ($)",'Pivot Table 3'!$A$1)/GETPIVOTDATA("Spending ($)",'Pivot Table 3'!$A$1),0) -> 1.9415031 | C10: =SUM('TikTok Ads Raw Data'!F2:F366)/SUM('TikTok Ads Raw Data'!D2:D366) -> 2.9807694
A11: Bütçemizin çoğunu hangi ayda harcadık? | B11: Aralık | C11: Aralık
A12: En çok conversion hangi ayda elde ettik? | B12: Aralık | C12: Aralık
A13: En çok geliri hangi ayda elde ettik? | B13: Aralık | C13: Temmuz
A14: En yüksek gelirli ay için CPC ne? | B14: 1.47 | C14: 0.87
A15: En yüksek gelirli ay için CPM ne? | B15: 30.49 | C15: 19.62
A16: O ay için ortalama conversion başına gelir ne? | B16: 160.85 | C16: 156.45
A19: KANAL KARŞILAŞTIRMASI Hangi kanala daha fazla para harcıyoruz? Instagram. Instagram harcaması $624,905, TikTok harcaması $510,905. Hangi kanal en iyi performansı gösteriyor? TikTok. Daha düşük harcamayla daha fazla tıklama, conversion ve gelir elde ediyor. TikTok ROAS 2.98x, Instagram ROAS 1.94x. İki kanal iyi performanslarını aynı aylarda mı gösteriyor? Hayır, tamamen aynı aylarda değil. TikTok en yüksek gelire Temmuz ayında, en yüksek conversion sayısına Aralık ayında ulaştı. Instagram'da ise hem en yüksek gelir hem de en yüksek conversion Aralık ayında gerçekleşti. Bütçe ve strateji önerileri • Bütçenin bir kısmı Instagram'dan TikTok'a kaydırılabilir. • TikTok'ta başarılı olan kampanya stratejileri incelenerek güçlü dönemlerde tekrar uygulanabilir. • Instagram tamamen bırakılmamalı; ancak performansına göre bütçesi optimize edilmeli. • İki kanalın aylık performansı düzenli karşılaştırılarak bütçe daha verimli dönemlere kaydırılabilir.

Sheet IG Ads Monthly
A1: Month | B1: Impressions | C1: Clicks | D1: Spending | E1: Conversions | F1: Revenue
A2: 1 | B2: =SUMIF('Instagram Ads Raw Data'!$G:$G,A2,'Instagram Ads Raw Data'!$B:$B) -> 1720107 | C2: =SUMIF('Instagram Ads Raw Data'!$G:$G,A2,'Instagram Ads Raw Data'!$C:$C) -> 32172 | D2: =SUMIF('Instagram Ads Raw Data'!$G:$G,A2,'Instagram Ads Raw Data'!$D:$D) -> 48783 | E2: =SUMIF('Instagram Ads Raw Data'!$G:$G,A2,'Instagram Ads Raw Data'!$E:$E) -> 599 | F2: =SUMIF('Instagram Ads Raw Data'!$G:$G,A2,'Instagram Ads Raw Data'!$F:$F) -> 99008
A3: 2 | B3: =SUMIF('Instagram Ads Raw Data'!$G:$G,A3,'Instagram Ads Raw Data'!$B:$B) -> 1557121 | C3: =SUMIF('Instagram Ads Raw Data'!$G:$G,A3,'Instagram Ads Raw Data'!$C:$C) -> 31502 | D3: =SUMIF('Instagram Ads Raw Data'!$G:$G,A3,'Instagram Ads Raw Data'!$D:$D) -> 47406 | E3: =SUMIF('Instagram Ads Raw Data'!$G:$G,A3,'Instagram Ads Raw Data'!$E:$E) -> 546 | F3: =SUMIF('Instagram Ads Raw Data'!$G:$G,A3,'Instagram Ads Raw Data'!$F:$F) -> 92767
A4: 3 | B4: =SUMIF('Instagram Ads Raw Data'!$G:$G,A4,'Instagram Ads Raw Data'!$B:$B) -> 1570479 | C4: =SUMIF('Instagram Ads Raw Data'!$G:$G,A4,'Instagram Ads Raw Data'!$C:$C) -> 31937 | D4: =SUMIF('Instagram Ads Raw Data'!$G:$G,A4,'Instagram Ads Raw Data'!$D:$D) -> 45220 | E4: =SUMIF('Instagram Ads Raw Data'!$G:$G,A4,'Instagram Ads Raw Data'!$E:$E) -> 610 | F4: =SUMIF('Instagram Ads Raw Data'!$G:$G,A4,'Instagram Ads Raw Data'!$F:$F) -> 91252
A5: 4 | B5: =SUMIF('Instagram Ads Raw Data'!$G:$G,A5,'Instagram Ads Raw Data'!$B:$B) -> 1921842 | C5: =SUMIF('Instagram Ads Raw Data'!$G:$G,A5,'Instagram Ads Raw Data'!$C:$C) -> 37631 | D5: =SUMIF('Instagram Ads Raw Data'!$G:$G,A5,'Instagram Ads Raw Data'!$D:$D) -> 59285 | E5: =SUMIF('Instagram Ads Raw Data'!$G:$G,A5,'Instagram Ads Raw Data'!$E:$E) -> 717 | F5: =SUMIF('Instagram Ads Raw Data'!$G:$G,A5,'Instagram Ads Raw Data'!$F:$F) -> 112373
A6: 5 | B6: =SUMIF('Instagram Ads Raw Data'!$G:$G,A6,'Instagram Ads Raw Data'!$B:$B) -> 1828461 | C6: =SUMIF('Instagram Ads Raw Data'!$G:$G,A6,'Instagram Ads Raw Data'!$C:$C) -> 36388 | D6: =SUMIF('Instagram Ads Raw Data'!$G:$G,A6,'Instagram Ads Raw Data'!$D:$D) -> 57348 | E6: =SUMIF('Instagram Ads Raw Data'!$G:$G,A6,'Instagram Ads Raw Data'!$E:$E) -> 702 | F6: =SUMIF('Instagram Ads Raw Data'!$G:$G,A6,'Instagram Ads Raw Data'!$F:$F) -> 106927
A7: 6 | B7: =SUMIF('Instagram Ads Raw Data'!$G:$G,A7,'Instagram Ads Raw Data'!$B:$B) -> 1704404 | C7: =SUMIF('Instagram Ads Raw Data'!$G:$G,A7,'Instagram Ads Raw Data'!$C:$C) -> 36581 | D7: =SUMIF('Instagram Ads Raw Data'!$G:$G,A7,'Instagram Ads Raw Data'!$D:$D) -> 56754 | E7: =SUMIF('Instagram Ads Raw Data'!$G:$G,A7,'Instagram Ads Raw Data'!$E:$E) -> 716 | F7: =SUMIF('Instagram Ads Raw Data'!$G:$G,A7,'Instagram Ads Raw Data'!$F:$F) -> 113329
A8: 7 | B8: =SUMIF('Instagram Ads Raw Data'!$G:$G,A8,'Instagram Ads Raw Data'!$B:$B) -> 1631972 | C8: =SUMIF('Instagram Ads Raw Data'!$G:$G,A8,'Instagram Ads Raw Data'!$C:$C) -> 35440 | D8: =SUMIF('Instagram Ads Raw Data'!$G:$G,A8,'Instagram Ads Raw Data'!$D:$D) -> 54023 | E8: =SUMIF('Instagram Ads Raw Data'!$G:$G,A8,'Instagram Ads Raw Data'!$E:$E) -> 635 | F8: =SUMIF('Instagram Ads Raw Data'!$G:$G,A8,'Instagram Ads Raw Data'!$F:$F) -> 95572
A9: 8 | B9: =SUMIF('Instagram Ads Raw Data'!$G:$G,A9,'Instagram Ads Raw Data'!$B:$B) -> 1673314 | C9: =SUMIF('Instagram Ads Raw Data'!$G:$G,A9,'Instagram Ads Raw Data'!$C:$C) -> 32435 | D9: =SUMIF('Instagram Ads Raw Data'!$G:$G,A9,'Instagram Ads Raw Data'!$D:$D) -> 50112 | E9: =SUMIF('Instagram Ads Raw Data'!$G:$G,A9,'Instagram Ads Raw Data'!$E:$E) -> 590 | F9: =SUMIF('Instagram Ads Raw Data'!$G:$G,A9,'Instagram Ads Raw Data'!$F:$F) -> 89404
A10: 9 | B10: =SUMIF('Instagram Ads Raw Data'!$G:$G,A10,'Instagram Ads Raw Data'!$B:$B) -> 1486196 | C10: =SUMIF('Instagram Ads Raw Data'!$G:$G,A10,'Instagram Ads Raw Data'!$C:$C) -> 28665 | D10: =SUMIF('Instagram Ads Raw Data'!$G:$G,A10,'Instagram Ads Raw Data'!$D:$D) -> 43521 | E10: =SUMIF('Instagram Ads Raw Data'!$G:$G,A10,'Instagram Ads Raw Data'!$E:$E) -> 551 | F10: =SUMIF('Instagram Ads Raw Data'!$G:$G,A10,'Instagram Ads Raw Data'!$F:$F) -> 87196
A11: 10 | B11: =SUMIF('Instagram Ads Raw Data'!$G:$G,A11,'Instagram Ads Raw Data'!$B:$B) -> 1780444 | C11: =SUMIF('Instagram Ads Raw Data'!$G:$G,A11,'Instagram Ads Raw Data'!$C:$C) -> 36765 | D11: =SUMIF('Instagram Ads Raw Data'!$G:$G,A11,'Instagram Ads Raw Data'!$D:$D) -> 49918 | E11: =SUMIF('Instagram Ads Raw Data'!$G:$G,A11,'Instagram Ads Raw Data'!$E:$E) -> 714 | F11: =SUMIF('Instagram Ads Raw Data'!$G:$G,A11,'Instagram Ads Raw Data'!$F:$F) -> 103574
A12: 11 | B12: =SUMIF('Instagram Ads Raw Data'!$G:$G,A12,'Instagram Ads Raw Data'!$B:$B) -> 1567977 | C12: =SUMIF('Instagram Ads Raw Data'!$G:$G,A12,'Instagram Ads Raw Data'!$C:$C) -> 31184 | D12: =SUMIF('Instagram Ads Raw Data'!$G:$G,A12,'Instagram Ads Raw Data'!$D:$D) -> 42580 | E12: =SUMIF('Instagram Ads Raw Data'!$G:$G,A12,'Instagram Ads Raw Data'!$E:$E) -> 567 | F12: =SUMIF('Instagram Ads Raw Data'!$G:$G,A12,'Instagram Ads Raw Data'!$F:$F) -> 88344
A13: 12 | B13: =SUMIF('Instagram Ads Raw Data'!$G:$G,A13,'Instagram Ads Raw Data'!$B:$B) -> 2294197 | C13: =SUMIF('Instagram Ads Raw Data'!$G:$G,A13,'Instagram Ads Raw Data'!$C:$C) -> 47640 | D13: =SUMIF('Instagram Ads Raw Data'!$G:$G,A13,'Instagram Ads Raw Data'!$D:$D) -> 69955 | E13: =SUMIF('Instagram Ads Raw Data'!$G:$G,A13,'Instagram Ads Raw Data'!$E:$E) -> 830 | F13: =SUMIF('Instagram Ads Raw Data'!$G:$G,A13,'Instagram Ads Raw Data'!$F:$F) -> 133509

Sheet TikTok Ads Raw Data
A1: submit_date | B1: impressions | C1: clicks | D1: spending ($) | E1: conversions | F1: revenue ($) | G1: month
A2: 45658 | B2: 37761 | C2: 685 | D2: 519 | E2: 11 | F2: 1711 | G2: =MONTH(A2) -> 1
A3: 45659 | B3: 113622 | C3: 2139 | D3: 1923 | E3: 50 | F3: 6262 | G3: =MONTH(A3) -> 1
A4: 45660 | B4: 25676 | C4: 360 | D4: 270 | E4: 7 | F4: 861 | G4: =MONTH(A4) -> 1
A5: 45661 | B5: 55742 | C5: 927 | D5: 951 | E5: 16 | F5: 3532 | G5: =MONTH(A5) -> 1
A6: 45662 | B6: 50034 | C6: 669 | D6: 588 | E6: 15 | F6: 3464 | G6: =MONTH(A6) -> 1
A7: 45663 | B7: 72795 | C7: 1327 | D7: 1464 | E7: 22 | F7: 3804 | G7: =MONTH(A7) -> 1
A8: 45664 | B8: 54686 | C8: 1607 | D8: 1118 | E8: 33 | F8: 6814 | G8: =MONTH(A8) -> 1
A9: 45665 | B9: 51903 | C9: 509 | D9: 545 | E9: 10 | F9: 1671 | G9: =MONTH(A9) -> 1
A10: 45666 | B10: 96174 | C10: 2195 | D10: 1870 | E10: 38 | F10: 8346 | G10: =MONTH(A10) -> 1
A11: 45667 | B11: 85203 | C11: 1569 | D11: 2066 | E11: 19 | F11: 3876 | G11: =MONTH(A11) -> 1
A12: 45668 | B12: 81432 | C12: 1020 | D12: 1090 | E12: 20 | F12: 4285 | G12: =MONTH(A12) -> 1
A13: 45669 | B13: 86724 | C13: 1608 | D13: 1626 | E13: 20 | F13: 4266 | G13: =MONTH(A13) -> 1
... A366: 46022 | B366: 79467 | C366: 2002 | D366: 2063 | E366: 46 | F366: 5993 | G366: =MONTH(A366) -> 12

Sheet TikTok Ads Performance Metrics
A1: Date | B1: Impressions | C1: Clicks | D1: Spending ($) | E1: Conversions | F1: Revenue ($) | G1: CTR | H1: Conversion Rate | I1: CPM | J1: CPC | K1: Avg Conversion Value | L1: ROAS
A2: {='TikTok Ads Raw Data'!A2:F366} -> 45658 | B2: 37761 | C2: 685 | D2: 519 | E2: 11 | F2: 1711 | G2: {=IFERROR(C2:C366/B2:B366,0)} -> 0.018140409 | H2: {=IFERROR(E2:E366/C2:C366,0)} -> 0.016058394 | I2: {=IFERROR(D2:D366/B2:B366*1000,0)} -> 13.744339 | J2: {=IFERROR(D2:D366/C2:C366,0)} -> 0.75766423 | K2: {=IFERROR(F2:F366/E2:E366,0)} -> 155.54545 | L2: {=IFERROR(F2:F366/D2:D366,0)} -> 3.2967245
A3: 45659 | B3: 113622 | C3: 2139 | D3: 1923 | E3: 50 | F3: 6262 | G3: 0.01882558 | H3: 0.023375409 | I3: 16.924539 | J3: 0.89901823 | K3: 125.24 | L3: 3.2563703
A4: 45660 | B4: 25676 | C4: 360 | D4: 270 | E4: 7 | F4: 861 | G4: 0.014020876 | H4: 0.019444444 | I4: 10.515657 | J4: 0.75 | K4: 123 | L4: 3.1888889
A5: 45661 | B5: 55742 | C5: 927 | D5: 951 | E5: 16 | F5: 3532 | G5: 0.016630189 | H5: 0.017259978 | I5: 17.060744 | J5: 1.02589 | K5: 220.75 | L5: 3.7139853
A6: 45662 | B6: 50034 | C6: 669 | D6: 588 | E6: 15 | F6: 3464 | G6: 0.013370908 | H6: 0.022421525 | I6: 11.752009 | J6: 0.87892377 | K6: 230.93333 | L6: 5.8911565
A7: 45663 | B7: 72795 | C7: 1327 | D7: 1464 | E7: 22 | F7: 3804 | G7: 0.018229274 | H7: 0.016578749 | I7: 20.111271 | J7: 1.1032404 | K7: 172.90909 | L7: 2.5983607
A8: 45664 | B8: 54686 | C8: 1607 | D8: 1118 | E8: 33 | F8: 6814 | G8: 0.029385949 | H8: 0.020535159 | I8: 20.443989 | J8: 0.69570629 | K8: 206.48485 | L8: 6.0948122
A9: 45665 | B9: 51903 | C9: 509 | D9: 545 | E9: 10 | F9: 1671 | G9: 0.0098067549 | H9: 0.019646365 | I9: 10.500356 | J9: 1.0707269 | K9: 167.1 | L9: 3.066055
A10: 45666 | B10: 96174 | C10: 2195 | D10: 1870 | E10: 38 | F10: 8346 | G10: 0.022823216 | H10: 0.017312073 | I10: 19.443925 | J10: 0.85193622 | K10: 219.63158 | L10: 4.4631016
A11: 45667 | B11: 85203 | C11: 1569 | D11: 2066 | E11: 19 | F11: 3876 | G11: 0.018414845 | H11: 0.012109624 | I11: 24.247972 | J11: 1.3167623 | K11: 204 | L11: 1.8760891
A12: 45668 | B12: 81432 | C12: 1020 | D12: 1090 | E12: 20 | F12: 4285 | G12: 0.012525788 | H12: 0.019607843 | I12: 13.385401 | J12: 1.0686275 | K12: 214.25 | L12: 3.9311927
A13: 45669 | B13: 86724 | C13: 1608 | D13: 1626 | E13: 20 | F13: 4266 | G13: 0.01854158 | H13: 0.012437811 | I13: 18.749135 | J13: 1.011194 | K13: 213.3 | L13: 2.6236162
A14: 45670 | B14: 97450 | C14: 2234 | D14: 1909 | E14: 32 | F14: 4158 | G14: 0.022924577 | H14: 0.014324082 | I14: 19.589533 | J14: 0.85452104 | K14: 129.9375 | L14: 2.1781037
... A366: 46022 | B366: 79467 | C366: 2002 | D366: 2063 | E366: 46 | F366: 5993 | G366: 0.025192847 | H366: 0.022977023 | I366: 25.960462 | J366: 1.0304695 | K366: 130.28261 | L366: 2.9049927

Sheet TikTok Ads Monthly
A1: Month | B1: Impressions | C1: Clicks | D1: Spending | E1: Conversions | F1: Revenue
A2: 1 | B2: =SUMIF('TikTok Ads Raw Data'!$G:$G,A2,'TikTok Ads Raw Data'!$B:$B) -> 2112620 | C2: =SUMIF('TikTok Ads Raw Data'!$G:$G,A2,'TikTok Ads Raw Data'!$C:$C) -> 41019 | D2: =SUMIF('TikTok Ads Raw Data'!$G:$G,A2,'TikTok Ads Raw Data'!$D:$D) -> 40140 | E2: =SUMIF('TikTok Ads Raw Data'!$G:$G,A2,'TikTok Ads Raw Data'!$E:$E) -> 739 | F2: =SUMIF('TikTok Ads Raw Data'!$G:$G,A2,'TikTok Ads Raw Data'!$F:$F) -> 124409
A3: 2 | B3: =SUMIF('TikTok Ads Raw Data'!$G:$G,A3,'TikTok Ads Raw Data'!$B:$B) -> 1949003 | C3: =SUMIF('TikTok Ads Raw Data'!$G:$G,A3,'TikTok Ads Raw Data'!$C:$C) -> 39714 | D3: =SUMIF('TikTok Ads Raw Data'!$G:$G,A3,'TikTok Ads Raw Data'!$D:$D) -> 37924 | E3: =SUMIF('TikTok Ads Raw Data'!$G:$G,A3,'TikTok Ads Raw Data'!$E:$E) -> 675 | F3: =SUMIF('TikTok Ads Raw Data'!$G:$G,A3,'TikTok Ads Raw Data'!$F:$F) -> 113330
A4: 3 | B4: =SUMIF('TikTok Ads Raw Data'!$G:$G,A4,'TikTok Ads Raw Data'!$B:$B) -> 1893765 | C4: =SUMIF('TikTok Ads Raw Data'!$G:$G,A4,'TikTok Ads Raw Data'!$C:$C) -> 39636 | D4: =SUMIF('TikTok Ads Raw Data'!$G:$G,A4,'TikTok Ads Raw Data'!$D:$D) -> 37093 | E4: =SUMIF('TikTok Ads Raw Data'!$G:$G,A4,'TikTok Ads Raw Data'!$E:$E) -> 745 | F4: =SUMIF('TikTok Ads Raw Data'!$G:$G,A4,'TikTok Ads Raw Data'!$F:$F) -> 116041
A5: 4 | B5: =SUMIF('TikTok Ads Raw Data'!$G:$G,A5,'TikTok Ads Raw Data'!$B:$B) -> 2282519 | C5: =SUMIF('TikTok Ads Raw Data'!$G:$G,A5,'TikTok Ads Raw Data'!$C:$C) -> 47400 | D5: =SUMIF('TikTok Ads Raw Data'!$G:$G,A5,'TikTok Ads Raw Data'!$D:$D) -> 47533 | E5: =SUMIF('TikTok Ads Raw Data'!$G:$G,A5,'TikTok Ads Raw Data'!$E:$E) -> 887 | F5: =SUMIF('TikTok Ads Raw Data'!$G:$G,A5,'TikTok Ads Raw Data'!$F:$F) -> 138187
A6: 5 | B6: =SUMIF('TikTok Ads Raw Data'!$G:$G,A6,'TikTok Ads Raw Data'!$B:$B) -> 2165819 | C6: =SUMIF('TikTok Ads Raw Data'!$G:$G,A6,'TikTok Ads Raw Data'!$C:$C) -> 44964 | D6: =SUMIF('TikTok Ads Raw Data'!$G:$G,A6,'TikTok Ads Raw Data'!$D:$D) -> 46113 | E6: =SUMIF('TikTok Ads Raw Data'!$G:$G,A6,'TikTok Ads Raw Data'!$E:$E) -> 868 | F6: =SUMIF('TikTok Ads Raw Data'!$G:$G,A6,'TikTok Ads Raw Data'!$F:$F) -> 131777
A7: 6 | B7: =SUMIF('TikTok Ads Raw Data'!$G:$G,A7,'TikTok Ads Raw Data'!$B:$B) -> 2051995 | C7: =SUMIF('TikTok Ads Raw Data'!$G:$G,A7,'TikTok Ads Raw Data'!$C:$C) -> 46469 | D7: =SUMIF('TikTok Ads Raw Data'!$G:$G,A7,'TikTok Ads Raw Data'!$D:$D) -> 45535 | E7: =SUMIF('TikTok Ads Raw Data'!$G:$G,A7,'TikTok Ads Raw Data'!$E:$E) -> 867 | F7: =SUMIF('TikTok Ads Raw Data'!$G:$G,A7,'TikTok Ads Raw Data'!$F:$F) -> 136097
A8: 7 | B8: =SUMIF('TikTok Ads Raw Data'!$G:$G,A8,'TikTok Ads Raw Data'!$B:$B) -> 2321236 | C8: =SUMIF('TikTok Ads Raw Data'!$G:$G,A8,'TikTok Ads Raw Data'!$C:$C) -> 52304 | D8: =SUMIF('TikTok Ads Raw Data'!$G:$G,A8,'TikTok Ads Raw Data'!$D:$D) -> 45540 | E8: =SUMIF('TikTok Ads Raw Data'!$G:$G,A8,'TikTok Ads Raw Data'!$E:$E) -> 909 | F8: =SUMIF('TikTok Ads Raw Data'!$G:$G,A8,'TikTok Ads Raw Data'!$F:$F) -> 142209
A9: 8 | B9: =SUMIF('TikTok Ads Raw Data'!$G:$G,A9,'TikTok Ads Raw Data'!$B:$B) -> 2515056 | C9: =SUMIF('TikTok Ads Raw Data'!$G:$G,A9,'TikTok Ads Raw Data'!$C:$C) -> 51908 | D9: =SUMIF('TikTok Ads Raw Data'!$G:$G,A9,'TikTok Ads Raw Data'!$D:$D) -> 44106 | E9: =SUMIF('TikTok Ads Raw Data'!$G:$G,A9,'TikTok Ads Raw Data'!$E:$E) -> 916 | F9: =SUMIF('TikTok Ads Raw Data'!$G:$G,A9,'TikTok Ads Raw Data'!$F:$F) -> 140844
A10: 9 | B10: =SUMIF('TikTok Ads Raw Data'!$G:$G,A10,'TikTok Ads Raw Data'!$B:$B) -> 1846314 | C10: =SUMIF('TikTok Ads Raw Data'!$G:$G,A10,'TikTok Ads Raw Data'!$C:$C) -> 36520 | D10: =SUMIF('TikTok Ads Raw Data'!$G:$G,A10,'TikTok Ads Raw Data'!$D:$D) -> 35760 | E10: =SUMIF('TikTok Ads Raw Data'!$G:$G,A10,'TikTok Ads Raw Data'!$E:$E) -> 682 | F10: =SUMIF('TikTok Ads Raw Data'!$G:$G,A10,'TikTok Ads Raw Data'!$F:$F) -> 107590
A11: 10 | B11: =SUMIF('TikTok Ads Raw Data'!$G:$G,A11,'TikTok Ads Raw Data'!$B:$B) -> 2115203 | C11: =SUMIF('TikTok Ads Raw Data'!$G:$G,A11,'TikTok Ads Raw Data'!$C:$C) -> 45029 | D11: =SUMIF('TikTok Ads Raw Data'!$G:$G,A11,'TikTok Ads Raw Data'!$D:$D) -> 39690 | E11: =SUMIF('TikTok Ads Raw Data'!$G:$G,A11,'TikTok Ads Raw Data'!$E:$E) -> 858 | F11: =SUMIF('TikTok Ads Raw Data'!$G:$G,A11,'TikTok Ads Raw Data'!$F:$F) -> 127829
A12: 11 | B12: =SUMIF('TikTok Ads Raw Data'!$G:$G,A12,'TikTok Ads Raw Data'!$B:$B) -> 1882573 | C12: =SUMIF('TikTok Ads Raw Data'!$G:$G,A12,'TikTok Ads Raw Data'!$C:$C) -> 39000 | D12: =SUMIF('TikTok Ads Raw Data'!$G:$G,A12,'TikTok Ads Raw Data'!$D:$D) -> 34809 | E12: =SUMIF('TikTok Ads Raw Data'!$G:$G,A12,'TikTok Ads Raw Data'!$E:$E) -> 690 | F12: =SUMIF('TikTok Ads Raw Data'!$G:$G,A12,'TikTok Ads Raw Data'!$F:$F) -> 111719
A13: 12 | B13: =SUMIF('TikTok Ads Raw Data'!$G:$G,A13,'TikTok Ads Raw Data'!$B:$B) -> 1990299 | C13: =SUMIF('TikTok Ads Raw Data'!$G:$G,A13,'TikTok Ads Raw Data'!$C:$C) -> 44011 | D13: =SUMIF('TikTok Ads Raw Data'!$G:$G,A13,'TikTok Ads Raw Data'!$D:$D) -> 56662 | E13: =SUMIF('TikTok Ads Raw Data'!$G:$G,A13,'TikTok Ads Raw Data'!$E:$E) -> 1034 | F13: =SUMIF('TikTok Ads Raw Data'!$G:$G,A13,'TikTok Ads Raw Data'!$F:$F) -> 132858
